order_barcode,b2b_order_barcode,order_date,customer_email,first_name,last_name,mobile_no,company_name,address_line1,address_line2,city,state,country,pincode,product_name,shipping_amount,pub_com_percent,whuso_income,B2B_Net_Payable_Amount,subscription,qty_ordered,sub_issues,price,gift_name,publisher_name,payment_mode,utr_no,commision_percent,amount_payable,grand_total
7501,B2B-7223,"08-06-2026",Gaurav.shri@gmail.com,Madhuri,Shrivastava,9407623477,"",C-2-49-7 NEW RAJENDRA NAGAR,NEAR HANUMAN TEMPLE,Raipur,Chattisgarh,IN,492001,Grihshobha Hindi,"0.00","15.00","277.20000000","1570.80000000","[{""Subscription"":""1 Year Reg.Post""}]",1,24,"1399.00",NA,Delhi Prakashan Vitran Pte Ltd,Cc Avenue,,"15.00",,"1749.00"
7501,B2B-7224,"08-06-2026",Gaurav.shri@gmail.com,Madhuri,Shrivastava,9407623477,"",C-2-49-7 NEW RAJENDRA NAGAR,NEAR HANUMAN TEMPLE,Raipur,Chattisgarh,IN,492001,Vanitha Hindi,"0.00","15.00","63.00000000","357.00000000","[{""Subscription"":""6 Months""}]",1,6,"350.00",NA,MM PUBLICATIONS LTD,Cc Avenue,,"15.00",,"1749.00"
7502,B2B-7225,"08-06-2026",satish.bhandi@gmail.com,Satish ,Bhandi,8147608427,PWD,House No 3. PWD B Group Quarters (Apartment),"Behind Ganesh Temple , KCD Circle Dharwad",Dharwad,Karnataka,IN,580001,Champak Kannada,"0.00","15.00","120.60000000","683.40000000","[{""Subscription"":""1 Year Print""}]",1,12,"684.00",NA,Delhi Prakashan Vitran Pte Ltd,Cc Avenue,,"15.00",,"684.00"
7504,B2B-7226,"08-06-2026",sreyasdivakar205@gmail.com,Sreyas ,Divakar,8547137232,"","'Drishya', Vlathankara, Vlathankara.P.O","'Drishya', Vlathankara, Vlathankara.P.O",trivandrum,Kerala,IN,695134,Filmfare,"0.00","10.00","120.00000000","1080.00000000","[{""Subscription"":""1 Years""}]",1,12,"1200.00",NA,Worldwide Media Pvt. Ltd.,Cc Avenue,,"10.00",,"1200.00"
7507,B2B-7227,"08-06-2026",ramprakashgupt@gmail.com,RamPrakash,Gupt,9451130777,"",First Floor DCF Building,9 AN Jhan marg Cooperative Chauraha,Prayagraj,Uttar Pradesh,IN,211002,INDIAN LITERATURE Journal,"0.00","25.00","125.00000000","375.00000000","[{""Subscription"":""1 Year""}]",1,6,"500.00",NA,Sahitya Akademi,Cc Avenue,,"25.00",,"500.00"
7508,B2B-7231,"08-06-2026",soeewdypublication@gmail.com,Harsh ,Pratap Singh,8851805366,Speewdy Publication Agency,Shaktinagar street no. 2,Dist. Sambhal ( U.P),Chandausi,Uttar Pradesh,IN,244412,Careers360,"0.00","25.00","180.00000000","540.00000000","[{""Subscription"":""1 Years""}]",1,12,"469.00",NA,Pathfinder Publishing Pvt. Ltd,Cheque/Funds Transfer,,"25.00",,"469.00"
7509,B2B-7232,"08-06-2026",mun2bhattacharjee@gmail.com,Munmun,Bhattacharjee,9163393761,EIILM,"DN-9 , Sector-V",Salt Lake City,Kolkata,West Bengal,IN,700091,PC Quest Magazine,"0.00","20.00","420.00000000","1680.00000000","[{""Subscription"":""1 Year Normal Post""}]",1,12,"1740.00",NA,Cyber Media (India) Ltd,Cheque/Funds Transfer,,"20.00",,"50620.00"
7509,B2B-7232,"08-06-2026",mun2bhattacharjee@gmail.com,Munmun,Bhattacharjee,9163393761,EIILM,"DN-9 , Sector-V",Salt Lake City,Kolkata,West Bengal,IN,700091,Dataquest,"0.00","20.00","360.00000000","1440.00000000","[{""Subscription"":""1 Year Normal Post""}]",1,12,"960.00",NA,Cyber Media (India) Ltd,Cheque/Funds Transfer,,"20.00",,"50620.00"
7509,B2B-7233,"08-06-2026",mun2bhattacharjee@gmail.com,Munmun,Bhattacharjee,9163393761,EIILM,"DN-9 , Sector-V",Salt Lake City,Kolkata,West Bengal,IN,700091,Journal of Artificial Intelligence Research and Advances,"0.00","15.00","592.50000000","3357.50000000","[{""Subscription"":""1 Year""}]",1,3,"3950.00",NA,Consortium eLearning Network Private Limited,Cheque/Funds Transfer,,"15.00",,"50620.00"
7509,B2B-7233,"08-06-2026",mun2bhattacharjee@gmail.com,Munmun,Bhattacharjee,9163393761,EIILM,"DN-9 , Sector-V",Salt Lake City,Kolkata,West Bengal,IN,700091,Journal of Computer Technology and Applications,"0.00","15.00","592.50000000","3357.50000000","[{""Subscription"":""1 Year""}]",1,3,"3950.00",NA,Consortium eLearning Network Private Limited,Cheque/Funds Transfer,,"15.00",,"50620.00"
7509,B2B-7233,"08-06-2026",mun2bhattacharjee@gmail.com,Munmun,Bhattacharjee,9163393761,EIILM,"DN-9 , Sector-V",Salt Lake City,Kolkata,West Bengal,IN,700091,E Commerce for Future and Trends,"0.00","15.00","592.50000000","3357.50000000","[{""Subscription"":""1 Year""}]",1,3,"3950.00",NA,Consortium eLearning Network Private Limited,Cheque/Funds Transfer,,"15.00",,"50620.00"
7509,B2B-7233,"08-06-2026",mun2bhattacharjee@gmail.com,Munmun,Bhattacharjee,9163393761,EIILM,"DN-9 , Sector-V",Salt Lake City,Kolkata,West Bengal,IN,700091,Journal of Management Information Systems,"0.00","15.00","487.50000000","2762.50000000","[{""Subscription"":""1 Year""}]",1,2,"3250.00",NA,Consortium eLearning Network Private Limited,Cheque/Funds Transfer,,"15.00",,"50620.00"
7509,B2B-7233,"08-06-2026",mun2bhattacharjee@gmail.com,Munmun,Bhattacharjee,9163393761,EIILM,"DN-9 , Sector-V",Salt Lake City,Kolkata,West Bengal,IN,700091,International Journal of Telecommunications and Emerging Technologies,"0.00","15.00","487.50000000","2762.50000000","[{""Subscription"":""1 Year""}]",1,2,"3250.00",NA,Consortium eLearning Network Private Limited,Cheque/Funds Transfer,,"15.00",,"50620.00"
7509,B2B-7233,"08-06-2026",mun2bhattacharjee@gmail.com,Munmun,Bhattacharjee,9163393761,EIILM,"DN-9 , Sector-V",Salt Lake City,Kolkata,West Bengal,IN,700091,Journal of Network Security,"0.00","15.00","592.50000000","3357.50000000","[{""Subscription"":""1 Year""}]",1,2,"3950.00",NA,Consortium eLearning Network Private Limited,Cheque/Funds Transfer,,"15.00",,"50620.00"
7509,B2B-7233,"08-06-2026",mun2bhattacharjee@gmail.com,Munmun,Bhattacharjee,9163393761,EIILM,"DN-9 , Sector-V",Salt Lake City,Kolkata,West Bengal,IN,700091,National Journal Of Cyber Security Law,"0.00","15.00","525.00000000","2975.00000000","[{""Subscription"":""1 Year""}]",1,2,"3500.00",NA,Consortium eLearning Network Private Limited,Cheque/Funds Transfer,,"15.00",,"50620.00"
7509,B2B-7234,"08-06-2026",mun2bhattacharjee@gmail.com,Munmun,Bhattacharjee,9163393761,EIILM,"DN-9 , Sector-V",Salt Lake City,Kolkata,West Bengal,IN,700091,MIT Technology Review Magazine US Edition,"480.00","25.00","3897.00000000","12171.00000000","[{""Subscription"":""1 Year""}]",1,6,"14341.00",NA,Media Star Private Limited,Cheque/Funds Transfer,,"25.00",,"50620.00"
7509,B2B-7235,"08-06-2026",mun2bhattacharjee@gmail.com,Munmun,Bhattacharjee,9163393761,EIILM,"DN-9 , Sector-V",Salt Lake City,Kolkata,West Bengal,IN,700091,Digit,"0.00","10.00","180.00000000","1620.00000000","[{""Subscription"":""1 Year""}]",1,12,"1299.00",NA,NINE DOT NINE MEDIAWORX PVT. LTD.,Cheque/Funds Transfer,,"10.00",,"50620.00"
7509,B2B-7236,"08-06-2026",mun2bhattacharjee@gmail.com,Munmun,Bhattacharjee,9163393761,EIILM,"DN-9 , Sector-V",Salt Lake City,Kolkata,West Bengal,IN,700091,Journal On Information Technology,"0.00","25.00","750.00000000","2250.00000000","[{""Subscription"":""1 Years""}]",1,4,"3000.00",NA,i-manager Publishing Limited,Cheque/Funds Transfer,,"30.00",,"50620.00"
7509,B2B-7236,"08-06-2026",mun2bhattacharjee@gmail.com,Munmun,Bhattacharjee,9163393761,EIILM,"DN-9 , Sector-V",Salt Lake City,Kolkata,West Bengal,IN,700091,Journal On Software Engineering,"0.00","25.00","750.00000000","2250.00000000","[{""Subscription"":""1 Years""}]",1,4,"3000.00",NA,i-manager Publishing Limited,Cheque/Funds Transfer,,"30.00",,"50620.00"
