order_barcode,b2b_order_barcode,order_date,customer_email,first_name,last_name,mobile_no,company_name,address_line1,address_line2,city,state,country,pincode,product_name,pub_com_percent,whuso_income,B2B_Net_Payable_Amount,subscription,qty_ordered,sub_issues,price,gift_name,publisher_name,payment_mode,utr_no,commision_percent,amount_payable,grand_total
300000637,B2B-1749,"02-05-2026",matharutruckfabricator@gmail.com,Amrutpal Singh,Matharu,8369223600,MATHARU FABRICATOR,"C-21/6, TALOJA MIDC","NEAR DENA BANK TALOJA POLICE STATION, TALOJA",NAVI MUMBAI,Maharashtra,IN,410208,Commercial Vehicle Magazine,"20.00","360.00000000","1440.00000000","[{""Subscription"":""1 Year""}]",1,12,"1350.00",NA,Next Gen Publishing Ltd,Cc Avenue,,"20.00",,"1350.00"
300000638,B2B-1750,"03-05-2026",research.neeraj@gmail.com,Neeraj,Marathe ,9225510831,"","Flat no.9, Anand apt, tulshibagwale col,","Sahakarnagar no.2, dashabhuja ganapati lane",Pune,Maharashtra,IN,411009,Bike India Magazine,"20.00","1080.00000000","4320.00000000","[{""Subscription"":""3 Years""}]",1,36,"3240.00",NA,Next Gen Publishing Ltd,Cc Avenue,,"20.00",,"3240.00"
300000639,B2B-1751,"03-05-2026",abhay.kashalkar@gmail.com,abhay,kashalkar,9820019280,"","Noopur CHS;F2,2-1","sector 22,",Navi Mumbai,Maharashtra,IN,400709,Smart Photography Magazine,"20.00","480.00000000","1920.00000000","[{""Subscription"":""1 Year""}]",1,12,"1800.00",NA,Next Gen Publishing Ltd,Cc Avenue,,"20.00",,"1800.00"
300000641,B2B-1752,"06-05-2026",smajumdar@1fbusa.com,Subharnab,Majumdar,9880018641,"",B702 Sethna Power Tower,Babusapalya,Bangalore,Karnataka,IN,560043,Smart Photography Magazine,"20.00","1440.00000000","5760.00000000","[{""Subscription"":""3 Years""}]",1,36,"4000.00",NA,Next Gen Publishing Ltd,Cc Avenue,,"20.00",,"4000.00"
300000644,B2B-1753,"06-05-2026",Likhithnaidu4689@gmail.com,Likhith,Thottempudi,9502153538,"","Flat-406, Block-D3,  MALLES AASHIRA, Nookampalayam Rd,  Cheran Nagar,  Perumbakkam,  Chennai, Tamil Nadu  600100. 9502153538","Flat-406, Block-D3,  MALLES AASHIRA, Nookampalayam Rd,  Cheran Nagar,  Perumbakkam,  Chennai, Tamil Nadu  600100. 9502153538",Nellore,Tamil Nadu,IN,524002,Car India and Bike India Combo,"20.00","648.00000000","2592.00000000","[{""Subscription"":""1 Year""}]",1,12,"2200.00",NA,Next Gen Publishing Ltd,Cc Avenue,,"20.00",,"2200.00"
300000645,B2B-1754,"08-05-2026",abhishek.velaga@gmail.com,abhishek,velaga,9913009224,"","Abhaay Villa , Atladra Bill ROad , Vadodara","",Vadodara,Gujarat,IN,391410,Commercial Vehicle Magazine,"20.00","360.00000000","1440.00000000","[{""Subscription"":""1 Year""}]",1,12,"1350.00",NA,Next Gen Publishing Ltd,Cc Avenue,,"20.00",,"4149.00"
300000645,B2B-1754,"08-05-2026",abhishek.velaga@gmail.com,abhishek,velaga,9913009224,"","Abhaay Villa , Atladra Bill ROad , Vadodara","",Vadodara,Gujarat,IN,391410,Smart Photography Magazine,"20.00","480.00000000","1920.00000000","[{""Subscription"":""1 Year""}]",1,12,"1800.00",NA,Next Gen Publishing Ltd,Cc Avenue,,"20.00",,"4149.00"
300000645,B2B-1754,"08-05-2026",abhishek.velaga@gmail.com,abhishek,velaga,9913009224,"","Abhaay Villa , Atladra Bill ROad , Vadodara","",Vadodara,Gujarat,IN,391410,Auto Components India Magazine,"20.00","240.00000000","960.00000000","[{""Subscription"":""1 Year""}]",1,12,"999.00",NA,Next Gen Publishing Ltd,Cc Avenue,,"20.00",,"4149.00"
300000646,B2B-1755,"09-05-2026",Jugalkishore.mendu@gmail.com,Jugal Kishore,Mendu,9866666959,Cruise Rover - Bikes on Hire / Gear Shift Garage,"Road no 1, Rohini Colony, Ambedkar Nagar","Sainikpuri main road, Sainikpuri",Hyderabad ,Telangana,IN,500094,Bike India Magazine,"20.00","360.00000000","1440.00000000","[{""Subscription"":""1 Year""}]",1,12,"1350.00",NA,Next Gen Publishing Ltd,Cc Avenue,,"20.00",,"1350.00"
300000647,B2B-1756,11-05-2026,dtaparia@gmail.com,Devesh ,Taparia,9752436561,DriveX Mobility Private Limited,"TWA-Sindhu Building, Ground Floor BBMP #06","7th Main, 80 Feet Rd, 3rd Block, Koramangala",Bengaluru,Karnataka,IN,560034,Bike India Magazine,"20.00","360.00000000","1440.00000000","[{""Subscription"":""1 Year""}]",1,12,"1350.00",NA,Next Gen Publishing Ltd,Cc Avenue,,"20.00",,"1350.00"
300000648,B2B-1757,13-05-2026,jrohankrishna@gmail.com,Rohan,Krishna,9865516369,"",Rohan polyclinic ,"95/9,New scheme road",Pollachi,Tamil Nadu,IN,642001,T3 India Magazine,"20.00","432.00000000","1728.00000000","[{""Subscription"":""1 Year""}]",1,12,"1620.00",NA,Next Gen Publishing Ltd,Cc Avenue,,"20.00",,"1620.00"
300000652,B2B-1758,22-05-2026,ronika@indiamags.com,Ronika,M,1234567890,"",Mumbai,Mumbai,Mumbai,Maharashtra,IN,123456,T3 India Magazine,"20.00","432.00000000","1728.00000000","[{""Subscription"":""1 Year""}]",1,12,"1620.00",NA,Next Gen Publishing Ltd,Cheque/Funds Transfer,,"20.00",,"1620.00"
300000653,B2B-1759,23-05-2026,ftrap252@gmail.com,VARUN,Kumar ,8368372233,"",SMQ-160 AIR FORCE STATION RAJOKRI ,"",New Delhi ,Delhi,IN,110038,Smart Photography Magazine,"20.00","480.00000000","1920.00000000","[{""Subscription"":""1 Year""}]",1,12,"1800.00",NA,Next Gen Publishing Ltd,Cc Avenue,,"20.00",,"3420.00"
300000653,B2B-1759,23-05-2026,ftrap252@gmail.com,VARUN,Kumar ,8368372233,"",SMQ-160 AIR FORCE STATION RAJOKRI ,"",New Delhi ,Delhi,IN,110038,T3 India Magazine,"20.00","432.00000000","1728.00000000","[{""Subscription"":""1 Year""}]",1,12,"1620.00",NA,Next Gen Publishing Ltd,Cc Avenue,,"20.00",,"3420.00"
300000655,B2B-1760,24-05-2026,sidhantapatnaik@gmail.com,Sidhanta,Patnaik,8280050651,"","699,555/4/3, Saptagiri Nilaya, Immadihalli Main road, Near Annapoorneshwari temple",Whitefeild,Bengaluru,Karnataka,IN,560066,Commercial Vehicle Magazine,"20.00","360.00000000","1440.00000000","[{""Subscription"":""1 Year""}]",1,12,"1350.00",NA,Next Gen Publishing Ltd,Cc Avenue,,"20.00",,"1350.00"
300000656,B2B-1761,30-05-2026,babasaheb.mitke@tatamotors.com,Babasaheb ,Mitke,7888097323,Tata Motors passenger Vehicles Limited,Tata Motors Limited,"Main Gate, Telco Road, Nigadi Bhosari Road, Near KSB Chowk, Pimpri Chinchwad, Pimpri",Pune,Maharashtra,IN,411018,Auto Components India Magazine,"20.00","240.00000000","960.00000000","[{""Subscription"":""1 Year""}]",1,12,"999.00",NA,Next Gen Publishing Ltd,Cc Avenue,,"20.00",,"999.00"
